Flow,t0,t0_iso,dt0,pa,da,v,dv,minv,maxv,halo
0043,2024/05/24 18:00,2024-05-24T18_00_00.000000000,01,327,008,0294,0006,0286,0303,
0042,2024/05/24 05:00,2024-05-24T05_00_00.000000000,00,088,018,0400,0000,0400,0400,
0041,2024/05/23 08:36,2024-05-23T08_36_00.000000000,02,227,036,0374,0035,0314,0459,
0040,2024/05/22 13:36,2024-05-22T13_36_00.000000000,01,233,008,0281,0000,0281,0281,
0039,2024/05/21 11:54,2024-05-21T11_54_00.000000000,00,167,008,0381,0070,0260,0422,
0038,2024/05/19 05:48,2024-05-19T05_48_00.000000000,01,086,006,0246,0040,0187,0300,
0037,2024/05/19 05:12,2024-05-19T05_12_00.000000000,01,167,016,0193,0049,0137,0303,
0036,2024/05/19 04:00,2024-05-19T04_00_00.000000000,00,081,024,0244,0009,0229,0258,
0035,2024/05/18 04:00,2024-05-18T04_00_00.000000000,01,200,058,0190,0034,0137,0254,
0034,2024/05/17 16:00,2024-05-17T16_00_00.000000000,01,328,018,0644,0089,0466,0762,
0033,2024/05/16 08:00,2024-05-16T08_00_00.000000000,01,245,012,0294,0074,0250,0440,
0032,2024/05/15 17:24,2024-05-15T17_24_00.000000000,01,265,008,0292,0240,0248,0679,
0031,2024/05/15 17:12,2024-05-15T17_12_00.000000000,01,112,022,0592,0080,0440,0694,
0030,2024/05/15 04:12,2024-05-15T04_12_00.000000000,01,353,008,0254,0000,0254,0254,
0029,2024/05/14 23:24,2024-05-14T23_24_00.000000000,01,312,006,0402,0217,0141,0650,
0028,2024/05/14 14:36,2024-05-14T14_36_00.000000000,01,236,006,0538,0011,0520,0548,
0027,2024/05/14 13:54,2024-05-14T13_54_00.000000000,01,105,008,0218,0001,0218,0220,
0026,2024/05/14 03:24,2024-05-14T03_24_00.000000000,01,340,006,0176,0114,0116,0398,
0025,2024/05/13 19:48,2024-05-13T19_48_00.000000000,01,261,008,0197,0061,0135,0310,
0024,2024/05/13 14:12,2024-05-13T14_12_00.000000000,02,232,006,0312,0000,0312,0312,
0023,2024/05/12 15:12,2024-05-12T15_12_00.000000000,01,173,020,0376,0057,0318,0459,
0022,2024/05/12 01:36,2024-05-12T01_36_00.000000000,01,219,024,0452,0071,0286,0558,
0021,2024/05/12 01:12,2024-05-12T01_12_00.000000000,01,062,022,0364,0148,0188,0624,
0020,2024/05/11 16:00,2024-05-11T16_00_00.000000000,01,313,008,0508,0146,0258,0664,
0019,2024/05/11 11:24,2024-05-11T11_24_00.000000000,02,040,006,0149,0039,0117,0220,
0018,2024/05/11 09:12,2024-05-11T09_12_00.000000000,01,078,014,0305,0257,0170,0801,
0017,2024/05/11 03:48,2024-05-11T03_48_00.000000000,01,278,010,0248,0078,0110,0303,
0016,2024/05/10 22:12,2024-05-10T22_12_00.000000000,03,076,042,0149,0048,0113,0256,
0015,2024/05/10 02:24,2024-05-10T02_24_00.000000000,03,024,022,0143,0022,0106,0170,
0014,2024/05/09 05:12,2024-05-09T05_12_00.000000000,00,117,012,0242,0017,0212,0259,
0013,2024/05/08 12:24,2024-05-08T12_24_00.000000000,00,047,048,0428,0035,0339,0440,
0012,2024/05/08 11:48,2024-05-08T11_48_00.000000000,01,102,018,0390,0044,0309,0413,
0011,2024/05/08 05:12,2024-05-08T05_12_00.000000000,01,085,064,0385,0123,0297,0679,
0010,2024/05/07 13:48,2024-05-07T13_48_00.000000000,02,061,008,0191,0052,0145,0274,
0009,2024/05/07 05:24,2024-05-07T05_24_00.000000000,01,069,012,0173,0005,0168,0182,
0008,2024/05/06 10:48,2024-05-06T10_48_00.000000000,01,265,016,0126,0014,0103,0155,
0007,2024/05/05 22:24,2024-05-05T22_24_00.000000000,01,207,028,0293,0064,0165,0364,
0006,2024/05/05 20:48,2024-05-05T20_48_00.000000000,01,298,010,0393,0098,0196,0481,
0005,2024/05/05 19:12,2024-05-05T19_12_00.000000000,00,342,014,1953,0000,1953,1953,
0004,2024/05/04 16:36,2024-05-04T16_36_00.000000000,00,257,012,0248,0000,0248,0248,
0003,2024/05/03 06:00,2024-05-03T06_00_00.000000000,02,015,008,0404,0015,0381,0419,
0002,2024/05/01 15:12,2024-05-01T15_12_00.000000000,01,010,014,0381,0113,0318,0651,
0001,2024/05/01 10:48,2024-05-01T10_48_00.000000000,01,009,024,0462,0103,0307,0686,
0034,2024/06/30 00:36,2024-06-30T00_36_00.000000000,01,191,008,0239,0000,0239,0239,
0033,2024/06/29 20:48,2024-06-29T20_48_00.000000000,01,224,014,0521,0063,0419,0624,
0032,2024/06/24 13:36,2024-06-24T13_36_00.000000000,00,271,012,0638,0000,0638,0638,
0031,2024/06/23 16:24,2024-06-23T16_24_00.000000000,01,283,008,0229,0033,0196,0286,
0030,2024/06/20 18:12,2024-06-20T18_12_00.000000000,00,080,010,0309,0026,0263,0325,
0029,2024/06/20 15:48,2024-06-20T15_48_00.000000000,01,081,012,0250,0061,0223,0388,
0028,2024/06/18 21:48,2024-06-18T21_48_00.000000000,02,312,018,0166,0034,0146,0231,
0027,2024/06/18 21:36,2024-06-18T21_36_00.000000000,01,345,008,0347,0163,0101,0568,
0026,2024/06/18 21:12,2024-06-18T21_12_00.000000000,01,287,012,0217,0098,0164,0372,
0025,2024/06/18 09:24,2024-06-18T09_24_00.000000000,00,018,006,0124,0000,0124,0124,
0024,2024/06/18 07:48,2024-06-18T07_48_00.000000000,02,113,008,0116,0007,0108,0129,
0023,2024/06/18 04:12,2024-06-18T04_12_00.000000000,03,020,042,0142,0041,0106,0248,
0022,2024/06/18 03:48,2024-06-18T03_48_00.000000000,01,160,006,0283,0059,0256,0395,
0021,2024/06/17 23:24,2024-06-17T23_24_00.000000000,01,195,008,0665,0000,0665,0665,
0020,2024/06/17 21:36,2024-06-17T21_36_00.000000000,01,169,020,0558,0365,0390,1358,
0019,2024/06/17 08:48,2024-06-17T08_48_00.000000000,01,184,014,1302,0000,1302,1302,
0018,2024/06/17 07:36,2024-06-17T07_36_00.000000000,01,031,028,0400,0000,0400,0400,
0017,2024/06/17 02:12,2024-06-17T02_12_00.000000000,04,340,018,0250,0059,0178,0367,
0016,2024/06/16 17:48,2024-06-16T17_48_00.000000000,01,345,008,0208,0002,0206,0212,
0015,2024/06/13 17:00,2024-06-13T17_00_00.000000000,02,077,020,0169,0034,0101,0197,
0014,2024/06/13 00:24,2024-06-13T00_24_00.000000000,02,282,006,0372,0046,0363,0452,
0013,2024/06/11 07:36,2024-06-11T07_36_00.000000000,01,191,012,0395,0060,0309,0440,
0012,2024/06/11 05:00,2024-06-11T05_00_00.000000000,01,202,010,0339,0115,0208,0504,
0011,2024/06/11 02:00,2024-06-11T02_00_00.000000000,00,256,014,0417,0112,0262,0548,
0010,2024/06/11 01:36,2024-06-11T01_36_00.000000000,00,309,028,1249,0749,0208,1953,
0009,2024/06/11 00:00,2024-06-11T00_00_00.000000000,02,261,016,0568,0091,0422,0679,
0008,2024/06/08 06:13,2024-06-08T06_13_00.000000000,03,045,044,0288,0321,0112,1166,
0007,2024/06/08 05:42,2024-06-08T05_42_00.000000000,02,108,030,0196,0063,0124,0343,
0006,2024/06/07 17:48,2024-06-07T17_48_00.000000000,01,283,012,0115,0024,0100,0169,
0005,2024/06/05 23:36,2024-06-05T23_36_00.000000000,01,228,022,0208,0095,0156,0400,
0004,2024/06/05 22:24,2024-06-05T22_24_00.000000000,02,248,022,0213,0027,0174,0257,
0003,2024/06/05 20:00,2024-06-05T20_00_00.000000000,04,222,042,0173,0017,0146,0204,
0002,2024/06/04 04:00,2024-06-04T04_00_00.000000000,00,076,014,0187,0033,0125,0225,
0001,2024/06/03 07:48,2024-06-03T07_48_00.000000000,01,045,020,0172,0012,0148,0177,
0036,2024/07/31 23:30,2024-07-31T23_30_00.000000000,02,204,006,0162,0018,0133,0181,
0035,2024/07/31 22:12,2024-07-31T22_12_00.000000000,01,202,006,0133,0012,0114,0146,
0034,2024/07/31 21:24,2024-07-31T21_24_00.000000000,00,285,008,0338,0003,0332,0341,
0033,2024/07/31 10:06,2024-07-31T10_06_00.000000000,00,112,010,0229,0000,0229,0229,
0032,2024/07/31 08:00,2024-07-31T08_00_00.000000000,03,185,008,0241,0011,0238,0260,
0031,2024/07/30 07:36,2024-07-30T07_36_00.000000000,01,151,008,1649,0191,1453,1953,
0030,2024/07/30 06:00,2024-07-30T06_00_00.000000000,01,274,006,0250,0034,0225,0312,
0029,2024/07/29 09:24,2024-07-29T09_24_00.000000000,02,210,018,0289,0127,0120,0578,
0028,2024/07/29 06:00,2024-07-29T06_00_00.000000000,00,035,008,0178,0000,0178,0178,
0027,2024/07/29 02:36,2024-07-29T02_36_00.000000000,01,215,008,0129,0008,0124,0145,
0026,2024/07/29 01:25,2024-07-29T01_25_00.000000000,01,205,020,0388,0110,0290,0664,
0025,2024/07/28 22:12,2024-07-28T22_12_00.000000000,02,329,080,0244,0037,0152,0312,
0024,2024/07/28 17:24,2024-07-28T17_24_00.000000000,01,306,018,0311,0031,0271,0351,
0023,2024/07/28 16:24,2024-07-28T16_24_00.000000000,01,210,022,0180,0143,0157,0558,
0022,2024/07/28 10:24,2024-07-28T10_24_00.000000000,01,196,006,0198,0101,0116,0367,
0021,2024/07/28 10:12,2024-07-28T10_12_00.000000000,01,027,012,0119,0010,0112,0143,
0020,2024/07/28 07:36,2024-07-28T07_36_00.000000000,01,301,012,0151,0038,0142,0218,
0019,2024/07/27 15:24,2024-07-27T15_24_00.000000000,01,061,008,0180,0036,0148,0248,
0018,2024/07/27 13:48,2024-07-27T13_48_00.000000000,01,064,006,0334,0240,0300,0811,
0017,2024/07/27 07:00,2024-07-27T07_00_00.000000000,00,044,006,0269,0021,0238,0294,
0016,2024/07/25 09:48,2024-07-25T09_48_00.000000000,01,221,016,0206,0016,0188,0228,
0015,2024/07/25 04:36,2024-07-25T04_36_00.000000000,00,085,008,0492,0024,0452,0516,
0014,2024/07/22 23:42,2024-07-22T23_42_00.000000000,00,155,016,0437,0456,0288,1250,
0013,2024/07/22 06:48,2024-07-22T06_48_00.000000000,00,087,012,0254,0077,0109,0332,
0012,2024/07/21 21:36,2024-07-21T21_36_00.000000000,01,084,006,0149,0011,0145,0171,
0011,2024/07/21 09:12,2024-07-21T09_12_00.000000000,01,283,024,0224,0061,0209,0395,
0010,2024/07/19 15:18,2024-07-19T15_18_00.000000000,00,085,012,0166,0022,0143,0206,
0009,2024/07/17 23:12,2024-07-17T23_12_00.000000000,01,131,012,0290,0714,0212,1953,
0008,2024/07/17 20:12,2024-07-17T20_12_00.000000000,01,162,010,0349,0073,0201,0422,
0007,2024/07/15 23:48,2024-07-15T23_48_00.000000000,01,237,012,0104,0003,0101,0112,
0006,2024/07/15 12:12,2024-07-15T12_12_00.000000000,02,280,006,0137,0039,0113,0206,
0005,2024/07/14 03:36,2024-07-14T03_36_00.000000000,01,195,020,0209,0004,0200,0213,
0004,2024/07/10 15:16,2024-07-10T15_16_00.000000000,01,056,014,0131,0013,0105,0139,
0003,2024/07/07 18:00,2024-07-07T18_00_00.000000000,00,281,008,0270,0016,0254,0292,
0002,2024/07/05 21:24,2024-07-05T21_24_00.000000000,01,309,012,0105,0013,0102,0130,
0001,2024/07/04 18:54,2024-07-04T18_54_00.000000000,01,253,008,0218,0022,0193,0256,
0029,2024/08/28 10:42,2024-08-28T10_42_00.000000000,01,320,046,0118,0004,0112,0124,
0028,2024/08/28 08:48,2024-08-28T08_48_00.000000000,01,084,006,0380,0000,0380,0380,
0027,2024/08/28 08:24,2024-08-28T08_24_00.000000000,00,071,008,0302,0094,0195,0416,
0026,2024/08/26 09:12,2024-08-26T09_12_00.000000000,01,154,010,0185,0023,0140,0205,
0025,2024/08/25 12:00,2024-08-25T12_00_00.000000000,02,131,008,0145,0038,0111,0205,
0024,2024/08/25 07:48,2024-08-25T07_48_00.000000000,02,013,012,0228,0016,0195,0242,
0023,2024/08/24 22:12,2024-08-24T22_12_00.000000000,02,025,012,0140,0000,0140,0140,
0022,2024/08/23 04:28,2024-08-23T04_28_00.000000000,01,342,010,0242,0034,0220,0300,
0021,2024/08/22 17:48,2024-08-22T17_48_00.000000000,01,079,016,0273,0189,0187,0710,
0020,2024/08/22 06:00,2024-08-22T06_00_00.000000000,01,037,012,0284,0016,0258,0309,
0019,2024/08/20 00:24,2024-08-20T00_24_00.000000000,01,042,010,0103,0002,0101,0107,
0018,2024/08/17 12:36,2024-08-17T12_36_00.000000000,01,346,022,0215,0013,0189,0232,
0017,2024/08/17 10:24,2024-08-17T10_24_00.000000000,00,288,006,0189,0030,0142,0224,
0016,2024/08/15 19:00,2024-08-15T19_00_00.000000000,01,030,014,0376,0000,0376,0376,
0015,2024/08/14 12:54,2024-08-14T12_54_00.000000000,01,276,018,0407,0124,0165,0488,
0014,2024/08/14 12:24,2024-08-14T12_24_00.000000000,01,115,048,1953,0000,1953,1953,
0013,2024/08/14 08:36,2024-08-14T08_36_00.000000000,01,006,010,0273,0041,0228,0343,
0012,2024/08/13 04:00,2024-08-13T04_00_00.000000000,01,188,006,0438,0184,0385,0801,
0011,2024/08/09 08:24,2024-08-09T08_24_00.000000000,01,045,020,0372,0000,0372,0372,
0010,2024/08/07 16:12,2024-08-07T16_12_00.000000000,01,176,006,0153,0003,0148,0155,
0009,2024/08/07 15:48,2024-08-07T15_48_00.000000000,01,150,006,0158,0099,0101,0347,
0008,2024/08/07 14:36,2024-08-07T14_36_00.000000000,01,130,014,0228,0006,0219,0238,
0007,2024/08/07 14:06,2024-08-07T14_06_00.000000000,00,084,046,0361,0025,0325,0411,
0006,2024/08/07 02:30,2024-08-07T02_30_00.000000000,01,155,016,0288,0027,0231,0307,
0005,2024/08/06 18:24,2024-08-06T18_24_00.000000000,01,305,008,0452,0000,0452,0452,
0004,2024/08/05 10:36,2024-08-05T10_36_00.000000000,01,153,012,0236,0011,0229,0256,
0003,2024/08/05 02:12,2024-08-05T02_12_00.000000000,01,111,056,0249,0021,0230,0332,
0002,2024/08/04 22:00,2024-08-04T22_00_00.000000000,01,096,022,0342,0035,0264,0400,
0001,2024/08/01 00:06,2024-08-01T00_06_00.000000000,01,180,010,0305,0023,0267,0322,
0036,2024/09/29 10:12,2024-09-29T10_12_00.000000000,01,297,008,1041,0000,1041,1041,
0035,2024/09/27 03:30,2024-09-27T03_30_00.000000000,01,115,016,0392,0275,0165,0928,
0034,2024/09/27 00:24,2024-09-27T00_24_00.000000000,00,165,008,0133,0000,0133,0133,
0033,2024/09/27 00:12,2024-09-27T00_12_00.000000000,01,163,008,0114,0006,0107,0124,
0032,2024/09/26 18:24,2024-09-26T18_24_00.000000000,02,103,040,0267,0043,0200,0372,
0031,2024/09/26 09:12,2024-09-26T09_12_00.000000000,02,303,008,0165,0027,0111,0184,
0030,2024/09/25 16:36,2024-09-25T16_36_00.000000000,01,100,010,0199,0047,0154,0289,
0029,2024/09/23 19:48,2024-09-23T19_48_00.000000000,04,215,052,0162,0012,0129,0178,
0028,2024/09/22 21:36,2024-09-22T21_36_00.000000000,01,149,056,1550,0000,1550,1550,
0027,2024/09/22 14:00,2024-09-22T14_00_00.000000000,00,301,008,0625,0249,0385,1008,
0026,2024/09/21 23:12,2024-09-21T23_12_00.000000000,01,214,018,1837,0000,1837,1837,
0025,2024/09/21 15:48,2024-09-21T15_48_00.000000000,03,024,082,0149,0013,0117,0169,
0024,2024/09/18 02:24,2024-09-18T02_24_00.000000000,01,160,010,0311,0060,0252,0413,
0023,2024/09/16 06:12,2024-09-16T06_12_00.000000000,00,040,006,0335,0032,0303,0385,
0022,2024/09/14 17:00,2024-09-14T17_00_00.000000000,02,179,008,0274,0000,0274,0274,
0021,2024/09/14 13:25,2024-09-14T13_25_00.000000000,01,105,012,0240,0074,0187,0411,
0020,2024/09/14 11:54,2024-09-14T11_54_00.000000000,02,206,022,0969,0399,0499,1785,
0019,2024/09/14 07:00,2024-09-14T07_00_00.000000000,01,103,052,1077,0000,1077,1077,
0018,2024/09/14 07:00,2024-09-14T07_00_00.000000000,01,035,056,1077,0000,1077,1077,
0017,2024/09/14 07:00,2024-09-14T07_00_00.000000000,01,301,008,1077,0000,1077,1077,
0016,2024/09/13 21:36,2024-09-13T21_36_00.000000000,01,211,008,0644,0045,0568,0694,
0015,2024/09/13 15:36,2024-09-13T15_36_00.000000000,01,301,012,0303,0073,0192,0376,
0014,2024/09/13 05:12,2024-09-13T05_12_00.000000000,02,272,018,0388,0170,0101,0496,
0013,2024/09/12 22:36,2024-09-12T22_36_00.000000000,02,095,020,0141,0094,0101,0367,
0012,2024/09/12 17:24,2024-09-12T17_24_00.000000000,01,077,008,0162,0046,0106,0223,
0011,2024/09/10 02:12,2024-09-10T02_12_00.000000000,01,251,008,1602,0000,1602,1602,
0010,2024/09/09 18:12,2024-09-09T18_12_00.000000000,01,018,010,0169,0032,0109,0211,
0009,2024/09/09 16:00,2024-09-09T16_00_00.000000000,02,293,024,0273,0068,0147,0363,
0008,2024/09/09 15:24,2024-09-09T15_24_00.000000000,01,274,014,0324,0113,0144,0400,
0007,2024/09/07 20:24,2024-09-07T20_24_00.000000000,01,041,012,0276,0000,0276,0276,
0006,2024/09/03 15:48,2024-09-03T15_48_00.000000000,01,278,014,0322,0011,0315,0343,
0005,2024/09/03 14:36,2024-09-03T14_36_00.000000000,04,223,036,0613,0171,0343,0919,
0004,2024/09/03 03:36,2024-09-03T03_36_00.000000000,01,113,020,0196,0118,0124,0434,
0003,2024/09/03 00:48,2024-09-03T00_48_00.000000000,01,117,020,0215,0040,0178,0306,
0002,2024/09/02 11:36,2024-09-02T11_36_00.000000000,02,010,006,0107,0006,0101,0117,
0001,2024/09/01 13:36,2024-09-01T13_36_00.000000000,01,320,026,1157,0000,1157,1157,
0034,2024/10/30 01:30,2024-10-30T01_30_00.000000000,00,333,008,0197,0000,0197,0197,
0033,2024/10/29 20:02,2024-10-29T20_02_00.000000000,01,219,008,0395,0072,0372,0512,
0032,2024/10/28 13:24,2024-10-28T13_24_00.000000000,01,228,042,0686,0000,0686,0686,
0031,2024/10/28 12:00,2024-10-28T12_00_00.000000000,00,186,010,0718,0000,0718,0718,
0030,2024/10/28 12:00,2024-10-28T12_00_00.000000000,02,075,016,0198,0001,0196,0199,
0029,2024/10/28 09:00,2024-10-28T09_00_00.000000000,01,034,038,0180,0000,0180,0180,
0028,2024/10/28 09:00,2024-10-28T09_00_00.000000000,03,088,038,0180,0000,0180,0180,
0027,2024/10/28 05:00,2024-10-28T05_00_00.000000000,02,063,008,0153,0009,0138,0164,
0026,2024/10/28 04:48,2024-10-28T04_48_00.000000000,02,102,022,0160,0004,0154,0167,
0025,2024/10/26 08:36,2024-10-26T08_36_00.000000000,01,117,012,0239,0000,0239,0239,
0024,2024/10/26 08:00,2024-10-26T08_00_00.000000000,02,104,018,0437,0006,0430,0449,
0023,2024/10/26 04:36,2024-10-26T04_36_00.000000000,01,243,028,0137,0630,0072,1736,
0022,2024/10/26 03:36,2024-10-26T03_36_00.000000000,01,243,016,0071,0000,0071,0071,
0021,2024/10/25 22:18,2024-10-25T22_18_00.000000000,04,247,044,0121,0002,0115,0125,
0020,2024/10/25 20:24,2024-10-25T20_24_00.000000000,02,256,014,0114,0000,0114,0114,
0019,2024/10/25 19:36,2024-10-25T19_36_00.000000000,01,232,010,0111,0000,0111,0111,
0018,2024/10/25 15:24,2024-10-25T15_24_00.000000000,02,237,020,0107,0000,0107,0107,
0017,2024/10/23 18:00,2024-10-23T18_00_00.000000000,01,117,012,0390,0163,0347,0718,
0016,2024/10/23 17:24,2024-10-23T17_24_00.000000000,02,350,006,0240,0053,0146,0277,
0015,2024/10/21 17:48,2024-10-21T17_48_00.000000000,01,074,010,0379,0063,0263,0459,
0014,2024/10/20 06:12,2024-10-20T06_12_00.000000000,01,084,026,0160,0012,0137,0178,
0013,2024/10/19 03:48,2024-10-19T03_48_00.000000000,01,274,010,0228,0042,0135,0250,
0012,2024/10/16 21:24,2024-10-16T21_24_00.000000000,01,250,022,0287,0031,0238,0339,
0011,2024/10/11 07:12,2024-10-11T07_12_00.000000000,01,117,012,0127,0024,0117,0175,
0010,2024/10/11 04:00,2024-10-11T04_00_00.000000000,01,103,044,0125,0024,0100,0179,
0009,2024/10/06 14:24,2024-10-06T14_24_00.000000000,01,215,012,0191,0005,0183,0198,
0008,2024/10/05 15:48,2024-10-05T15_48_00.000000000,02,246,046,0315,0077,0174,0443,
0007,2024/10/05 11:12,2024-10-05T11_12_00.000000000,01,226,010,0243,0106,0172,0416,
0006,2024/10/04 20:48,2024-10-04T20_48_00.000000000,00,009,008,0258,0000,0258,0258,
0005,2024/10/04 08:24,2024-10-04T08_24_00.000000000,01,203,012,0274,0079,0254,0416,
0004,2024/10/03 21:24,2024-10-03T21_24_00.000000000,01,182,006,0221,0000,0221,0221,
0003,2024/10/03 16:12,2024-10-03T16_12_00.000000000,00,318,010,0504,0028,0446,0528,
0002,2024/10/03 15:48,2024-10-03T15_48_00.000000000,02,093,020,0744,0565,0357,1736,
0001,2024/10/03 01:48,2024-10-03T01_48_00.000000000,01,073,008,0538,0399,0264,1220,
0040,2024/11/28 00:30,2024-11-28T00_30_00.000000000,03,062,010,0141,0019,0103,0151,
0039,2024/11/26 00:24,2024-11-26T00_24_00.000000000,02,155,016,0179,0172,0128,0559,
0038,2024/11/25 06:24,2024-11-25T06_24_00.000000000,02,326,042,0130,0005,0123,0142,
0037,2024/11/25 05:00,2024-11-25T05_00_00.000000000,02,311,008,0117,0007,0104,0121,
0036,2024/11/23 05:24,2024-11-23T05_24_00.000000000,01,127,012,0339,0054,0223,0347,
0035,2024/11/22 17:36,2024-11-22T17_36_00.000000000,02,126,010,0428,0045,0351,0459,
0034,2024/11/22 04:17,2024-11-22T04_17_00.000000000,01,203,016,0340,0104,0260,0572,
0033,2024/11/21 22:18,2024-11-21T22_18_00.000000000,01,040,006,0286,0123,0188,0512,
0032,2024/11/21 14:36,2024-11-21T14_36_00.000000000,02,133,016,0471,0296,0405,1107,
0031,2024/11/21 12:30,2024-11-21T12_30_00.000000000,01,280,030,0292,0033,0230,0332,
0030,2024/11/20 22:12,2024-11-20T22_12_00.000000000,03,269,040,0201,0086,0108,0419,
0029,2024/11/20 03:12,2024-11-20T03_12_00.000000000,02,039,008,0105,0010,0100,0126,
0028,2024/11/19 23:48,2024-11-19T23_48_00.000000000,04,019,008,0107,0017,0099,0139,
0027,2024/11/18 21:48,2024-11-18T21_48_00.000000000,01,116,014,0296,0102,0224,0520,
0026,2024/11/17 11:48,2024-11-17T11_48_00.000000000,04,143,032,0179,0034,0136,0242,
0025,2024/11/17 07:36,2024-11-17T07_36_00.000000000,03,151,044,0188,0037,0105,0228,
0024,2024/11/16 19:24,2024-11-16T19_24_00.000000000,00,077,008,0269,0027,0248,0322,
0023,2024/11/16 16:48,2024-11-16T16_48_00.000000000,01,080,014,0223,0033,0176,0274,
0022,2024/11/16 15:48,2024-11-16T15_48_00.000000000,01,335,008,0192,0029,0150,0228,
0021,2024/11/16 15:48,2024-11-16T15_48_00.000000000,05,314,030,0164,0026,0103,0206,
0020,2024/11/16 14:12,2024-11-16T14_12_00.000000000,01,268,010,0299,0036,0229,0317,
0019,2024/11/16 02:00,2024-11-16T02_00_00.000000000,01,280,018,0347,0179,0215,0679,
0018,2024/11/15 19:42,2024-11-15T19_42_00.000000000,01,304,010,0232,0022,0201,0265,
0017,2024/11/13 15:24,2024-11-13T15_24_00.000000000,00,050,018,0262,0058,0151,0312,
0016,2024/11/13 02:24,2024-11-13T02_24_00.000000000,01,309,008,0298,0028,0267,0345,
0015,2024/11/12 14:48,2024-11-12T14_48_00.000000000,05,292,038,0367,0142,0176,0679,
0014,2024/11/12 04:48,2024-11-12T04_48_00.000000000,02,166,006,0175,0012,0169,0200,
0013,2024/11/11 18:36,2024-11-11T18_36_00.000000000,00,057,008,0114,0007,0106,0127,
0012,2024/11/11 12:36,2024-11-11T12_36_00.000000000,02,200,018,0150,0023,0103,0188,
0011,2024/11/11 10:12,2024-11-11T10_12_00.000000000,02,205,012,0126,0000,0126,0126,
0010,2024/11/10 19:18,2024-11-10T19_18_00.000000000,02,207,040,0172,0033,0128,0258,
0009,2024/11/10 14:36,2024-11-10T14_36_00.000000000,01,243,020,0367,0096,0228,0568,
0008,2024/11/09 17:00,2024-11-09T17_00_00.000000000,01,103,008,0225,0021,0205,0252,
0007,2024/11/07 14:00,2024-11-07T14_00_00.000000000,01,230,006,0429,0275,0381,0976,
0006,2024/11/07 11:24,2024-11-07T11_24_00.000000000,01,227,016,0361,0010,0351,0383,
0005,2024/11/06 03:12,2024-11-06T03_12_00.000000000,01,239,008,0168,0000,0168,0168,
0004,2024/11/05 08:42,2024-11-05T08_42_00.000000000,01,100,010,0160,0006,0160,0172,
0003,2024/11/05 07:36,2024-11-05T07_36_00.000000000,02,094,026,0343,0000,0343,0343,
0002,2024/11/03 17:24,2024-11-03T17_24_00.000000000,01,258,010,0244,0052,0165,0325,
0001,2024/11/03 02:24,2024-11-03T02_24_00.000000000,03,352,010,0098,0027,0087,0155,
0049,2024/12/31 05:48,2024-12-31T05_48_00.000000000,01,302,018,0273,0059,0172,0385,
0048,2024/12/31 04:24,2024-12-31T04_24_00.000000000,01,307,008,0289,0086,0129,0325,
0047,2024/12/31 00:00,2024-12-31T00_00_00.000000000,01,275,008,0336,0024,0286,0351,
0046,2024/12/30 07:12,2024-12-30T07_12_00.000000000,01,199,012,0131,0018,0113,0170,
0045,2024/12/29 01:36,2024-12-29T01_36_00.000000000,01,175,028,0452,0000,0452,0452,
0044,2024/12/26 04:12,2024-12-26T04_12_00.000000000,00,138,006,0428,0000,0428,0428,
0043,2024/12/26 03:24,2024-12-26T03_24_00.000000000,01,077,012,0892,0000,0892,0892,
0042,2024/12/23 03:48,2024-12-23T03_48_00.000000000,01,208,006,0434,0024,0405,0466,
0041,2024/12/22 22:36,2024-12-22T22_36_00.000000000,04,350,010,0106,0005,0104,0117,
0040,2024/12/22 20:48,2024-12-22T20_48_00.000000000,01,157,016,0264,0052,0226,0339,
0039,2024/12/22 15:12,2024-12-22T15_12_00.000000000,00,157,020,0477,0079,0385,0651,
0038,2024/12/22 13:25,2024-12-22T13_25_00.000000000,02,328,022,0216,0140,0110,0459,
0037,2024/12/22 10:00,2024-12-22T10_00_00.000000000,01,095,016,0473,0122,0197,0529,
0036,2024/12/22 09:36,2024-12-22T09_36_00.000000000,01,045,012,0664,0500,0262,1631,
0035,2024/12/22 08:48,2024-12-22T08_48_00.000000000,02,190,022,0772,0591,0189,1953,
0034,2024/12/21 11:48,2024-12-21T11_48_00.000000000,01,189,008,0497,0193,0343,0844,
0033,2024/12/20 10:00,2024-12-20T10_00_00.000000000,01,199,024,0519,0230,0275,0844,
0032,2024/12/19 18:47,2024-12-19T18_47_00.000000000,01,164,010,0726,0000,0726,0726,
0031,2024/12/19 04:36,2024-12-19T04_36_00.000000000,01,292,006,0141,0036,0132,0214,
0030,2024/12/18 16:48,2024-12-18T16_48_00.000000000,01,249,008,0233,0117,0190,0440,
0029,2024/12/17 14:12,2024-12-17T14_12_00.000000000,00,047,012,0268,0028,0246,0328,
0028,2024/12/17 13:25,2024-12-17T13_25_00.000000000,00,032,034,0431,0084,0369,0625,
0027,2024/12/17 10:48,2024-12-17T10_48_00.000000000,01,108,006,0299,0058,0221,0357,
0026,2024/12/17 10:12,2024-12-17T10_12_00.000000000,02,047,008,0093,0000,0093,0093,
0025,2024/12/15 19:48,2024-12-15T19_48_00.000000000,01,259,020,0268,0031,0217,0325,
0024,2024/12/15 16:00,2024-12-15T16_00_00.000000000,01,156,010,0409,0035,0372,0466,
0023,2024/12/15 15:48,2024-12-15T15_48_00.000000000,02,252,018,0286,0078,0214,0440,
0022,2024/12/15 15:12,2024-12-15T15_12_00.000000000,01,234,010,0238,0083,0200,0419,
0021,2024/12/15 04:12,2024-12-15T04_12_00.000000000,00,066,042,1953,0000,1953,1953,
0020,2024/12/15 03:24,2024-12-15T03_24_00.000000000,01,254,014,0392,0045,0310,0480,
0019,2024/12/14 21:00,2024-12-14T21_00_00.000000000,01,259,012,0197,0061,0124,0279,
0018,2024/12/14 19:00,2024-12-14T19_00_00.000000000,00,251,016,0231,0067,0103,0286,
0017,2024/12/14 12:06,2024-12-14T12_06_00.000000000,01,169,016,0113,0000,0113,0114,
0016,2024/12/14 11:48,2024-12-14T11_48_00.000000000,02,231,020,0128,0023,0106,0163,
0015,2024/12/12 08:48,2024-12-12T08_48_00.000000000,01,082,026,0219,0042,0178,0331,
0014,2024/12/12 08:24,2024-12-12T08_24_00.000000000,01,209,028,0271,0058,0171,0385,
0013,2024/12/12 04:24,2024-12-12T04_24_00.000000000,01,093,008,0204,0009,0188,0208,
0012,2024/12/11 19:18,2024-12-11T19_18_00.000000000,01,068,006,0214,0007,0201,0218,
0011,2024/12/11 11:48,2024-12-11T11_48_00.000000000,01,075,012,0134,0000,0134,0134,
0010,2024/12/11 06:48,2024-12-11T06_48_00.000000000,01,021,032,0257,0015,0234,0286,
0009,2024/12/11 04:12,2024-12-11T04_12_00.000000000,01,010,010,0253,0021,0205,0260,
0008,2024/12/10 11:24,2024-12-10T11_24_00.000000000,01,017,008,0351,0029,0306,0376,
0007,2024/12/10 04:48,2024-12-10T04_48_00.000000000,01,058,010,0093,0000,0093,0093,
0006,2024/12/10 02:24,2024-12-10T02_24_00.000000000,02,032,018,0110,0006,0105,0119,
0005,2024/12/08 20:36,2024-12-08T20_36_00.000000000,01,297,008,0359,0065,0237,0372,
0004,2024/12/07 08:12,2024-12-07T08_12_00.000000000,03,268,026,0218,0158,0108,0589,
0003,2024/12/07 01:36,2024-12-07T01_36_00.000000000,01,257,016,0400,0010,0390,0422,
0002,2024/12/02 17:24,2024-12-02T17_24_00.000000000,01,331,008,0129,0000,0129,0130,
0001,2024/12/02 09:48,2024-12-02T09_48_00.000000000,00,120,018,0274,0000,0274,0274,
0021,2025/01/31 22:24,2025-01-31T22_24_00.000000000,01,049,012,0170,0024,0128,0206,
0020,2025/01/30 17:30,2025-01-30T17_30_00.000000000,01,268,046,0297,0025,0233,0328,
0019,2025/01/29 11:24,2025-01-29T11_24_00.000000000,00,248,010,0238,0023,0212,0281,
0018,2025/01/27 06:12,2025-01-27T06_12_00.000000000,01,259,008,0129,0010,0110,0134,
0017,2025/01/27 02:24,2025-01-27T02_24_00.000000000,01,258,030,0261,0061,0175,0395,
0016,2025/01/26 14:48,2025-01-26T14_48_00.000000000,01,124,026,0240,0068,0135,0318,
0015,2025/01/25 14:24,2025-01-25T14_24_00.000000000,01,116,018,0364,0050,0328,0446,
0014,2025/01/25 00:36,2025-01-25T00_36_00.000000000,02,259,044,0220,0024,0172,0269,
0013,2025/01/24 23:36,2025-01-24T23_36_00.000000000,01,254,038,0224,0030,0148,0284,
0012,2025/01/24 20:24,2025-01-24T20_24_00.000000000,01,125,008,0236,0167,0132,0538,
0011,2025/01/24 17:36,2025-01-24T17_36_00.000000000,02,112,034,0199,0093,0107,0443,
0010,2025/01/23 07:12,2025-01-23T07_12_00.000000000,02,119,028,0260,0045,0191,0299,
0009,2025/01/22 16:24,2025-01-22T16_24_00.000000000,01,153,012,0452,0054,0363,0520,
0008,2025/01/19 01:37,2025-01-19T01_37_00.000000000,00,238,010,0431,0079,0292,0521,
0007,2025/01/09 17:12,2025-01-09T17_12_00.000000000,02,104,014,1201,0000,1201,1201,
0006,2025/01/08 01:25,2025-01-08T01_25_00.000000000,01,187,016,0440,0087,0298,0578,
0005,2025/01/07 09:48,2025-01-07T09_48_00.000000000,01,199,032,0300,0064,0159,0372,
0004,2025/01/07 04:24,2025-01-07T04_24_00.000000000,01,324,026,0273,0025,0224,0312,
0003,2025/01/06 06:24,2025-01-06T06_24_00.000000000,01,340,010,0136,0012,0110,0146,
0002,2025/01/06 01:36,2025-01-06T01_36_00.000000000,01,150,006,1838,0000,1838,1838,
0001,2025/01/04 21:30,2025-01-04T21_30_00.000000000,01,260,014,0355,0123,0153,0480,
0027,2025/02/28 23:30,2025-02-28T23_30_00.000000000,02,312,026,0361,0105,0228,0558,
0026,2025/02/28 20:12,2025-02-28T20_12_00.000000000,06,236,054,0141,0194,0103,0651,
0025,2025/02/28 18:40,2025-02-28T18_40_00.000000000,01,076,078,1893,0000,1893,1893,
0024,2025/02/28 08:00,2025-02-28T08_00_00.000000000,01,032,010,0391,0231,0249,0844,
0023,2025/02/28 04:36,2025-02-28T04_36_00.000000000,01,322,018,0260,0020,0224,0290,
0022,2025/02/27 15:24,2025-02-27T15_24_00.000000000,01,268,006,0268,0055,0209,0347,
0021,2025/02/26 22:24,2025-02-26T22_24_00.000000000,01,352,026,0218,0051,0178,0312,
0020,2025/02/26 09:12,2025-02-26T09_12_00.000000000,01,218,014,0274,0133,0202,0589,
0019,2025/02/25 23:48,2025-02-25T23_48_00.000000000,01,226,014,0411,0081,0270,0568,
0018,2025/02/25 17:36,2025-02-25T17_36_00.000000000,02,251,016,0301,0135,0112,0459,
0017,2025/02/25 16:00,2025-02-25T16_00_00.000000000,02,218,014,0600,0235,0231,0976,
0016,2025/02/25 02:12,2025-02-25T02_12_00.000000000,01,286,010,0437,0043,0372,0496,
0015,2025/02/25 00:24,2025-02-25T00_24_00.000000000,01,262,006,0320,0072,0188,0363,
0014,2025/02/23 20:24,2025-02-23T20_24_00.000000000,01,039,008,1953,0000,1953,1953,
0013,2025/02/22 08:48,2025-02-22T08_48_00.000000000,01,306,014,0202,0128,0161,0512,
0012,2025/02/20 02:48,2025-02-20T02_48_00.000000000,01,050,030,0334,0159,0157,0679,
0011,2025/02/20 02:24,2025-02-20T02_24_00.000000000,01,208,014,0199,0029,0179,0248,
0010,2025/02/17 02:36,2025-02-17T02_36_00.000000000,01,125,008,0679,0000,0679,0679,
0009,2025/02/15 22:36,2025-02-15T22_36_00.000000000,01,127,008,0138,0020,0107,0161,
0008,2025/02/15 17:00,2025-02-15T17_00_00.000000000,03,192,014,0446,0027,0395,0459,
0007,2025/02/11 09:48,2025-02-11T09_48_00.000000000,02,075,016,0100,0000,0100,0100,
0006,2025/02/05 14:00,2025-02-05T14_00_00.000000000,01,076,010,0175,0067,0104,0299,
0005,2025/02/05 03:36,2025-02-05T03_36_00.000000000,01,268,014,0252,0067,0140,0339,
0004,2025/02/04 19:30,2025-02-04T19_30_00.000000000,01,213,012,0228,0001,0228,0230,
0003,2025/02/03 04:24,2025-02-03T04_24_00.000000000,02,184,006,0110,0073,0103,0256,
0002,2025/02/03 02:48,2025-02-03T02_48_00.000000000,01,177,008,0158,0063,0103,0264,
0001,2025/02/01 21:48,2025-02-01T21_48_00.000000000,01,216,010,0197,0045,0120,0254,
0023,2025/03/30 15:00,2025-03-30T15_00_00.000000000,01,309,012,0234,0053,0148,0256,
0022,2025/03/28 23:48,2025-03-28T23_48_00.000000000,00,074,010,0344,0087,0224,0422,
0021,2025/03/28 08:12,2025-03-28T08_12_00.000000000,02,212,014,0109,0006,0106,0124,
0020,2025/03/28 05:49,2025-03-28T05_49_00.000000000,02,222,010,0174,0009,0164,0190,
0019,2025/03/25 11:24,2025-03-25T11_24_00.000000000,00,261,008,0133,0000,0133,0133,
0018,2025/03/23 10:24,2025-03-23T10_24_00.000000000,01,085,008,0520,0000,0520,0520,
0017,2025/03/22 21:48,2025-03-22T21_48_00.000000000,04,247,012,0098,0042,0097,0182,
0016,2025/03/22 08:48,2025-03-22T08_48_00.000000000,02,313,020,0449,0142,0223,0762,
0015,2025/03/21 12:36,2025-03-21T12_36_00.000000000,02,028,006,0126,0000,0126,0126,
0014,2025/03/20 04:24,2025-03-20T04_24_00.000000000,01,263,032,0208,0040,0122,0226,
0013,2025/03/20 03:36,2025-03-20T03_36_00.000000000,01,277,012,0341,0112,0218,0538,
0012,2025/03/19 21:36,2025-03-19T21_36_00.000000000,01,126,030,1953,0000,1953,1953,
0011,2025/03/19 17:00,2025-03-19T17_00_00.000000000,01,355,012,0458,0141,0303,0710,
0010,2025/03/18 02:36,2025-03-18T02_36_00.000000000,01,006,014,0260,0023,0224,0286,
0009,2025/03/17 07:12,2025-03-17T07_12_00.000000000,01,021,032,0176,0025,0128,0212,
0008,2025/03/17 05:42,2025-03-17T05_42_00.000000000,01,012,006,0134,0006,0124,0143,
0007,2025/03/17 01:36,2025-03-17T01_36_00.000000000,05,022,042,0114,0007,0103,0130,
0006,2025/03/12 06:36,2025-03-12T06_36_00.000000000,01,042,018,0474,0000,0474,0474,
0005,2025/03/02 16:00,2025-03-02T16_00_00.000000000,01,007,012,0184,0000,0184,0184,
0004,2025/03/02 14:00,2025-03-02T14_00_00.000000000,01,175,016,0411,0108,0248,0568,
0003,2025/03/02 03:36,2025-03-02T03_36_00.000000000,02,172,014,0286,0072,0195,0422,
0002,2025/03/02 03:12,2025-03-02T03_12_00.000000000,01,151,008,0236,0032,0181,0268,
0001,2025/03/01 10:36,2025-03-01T10_36_00.000000000,00,207,008,0169,0035,0136,0231,
0032,2025/04/30 00:24,2025-04-30T00_24_00.000000000,00,126,030,1644,0000,1644,1644,
0031,2025/04/29 03:24,2025-04-29T03_24_00.000000000,00,344,018,0273,0106,0092,0314,
0030,2025/04/26 07:06,2025-04-26T07_06_00.000000000,04,346,050,0102,0003,0099,0111,
0029,2025/04/24 09:48,2025-04-24T09_48_00.000000000,01,316,006,0188,0058,0129,0256,
0028,2025/04/24 02:24,2025-04-24T02_24_00.000000000,02,291,008,0103,0007,0100,0117,
0027,2025/04/23 12:36,2025-04-23T12_36_00.000000000,02,233,020,0193,0106,0106,0428,
0026,2025/04/22 16:36,2025-04-22T16_36_00.000000000,03,033,044,0378,0105,0175,0558,
0025,2025/04/22 16:24,2025-04-22T16_24_00.000000000,02,293,012,0294,0007,0284,0303,
0024,2025/04/22 07:12,2025-04-22T07_12_00.000000000,02,110,014,0267,0117,0103,0529,
0023,2025/04/21 16:36,2025-04-21T16_36_00.000000000,02,262,006,0212,0765,0100,1736,
0022,2025/04/15 19:00,2025-04-15T19_00_00.000000000,02,076,026,1077,0494,0294,1953,
0021,2025/04/14 16:48,2025-04-14T16_48_00.000000000,02,171,040,0249,0071,0103,0411,
0020,2025/04/14 05:00,2025-04-14T05_00_00.000000000,01,279,008,0127,0048,0104,0221,
0019,2025/04/12 21:24,2025-04-12T21_24_00.000000000,02,194,006,0274,0000,0274,0274,
0018,2025/04/12 19:12,2025-04-12T19_12_00.000000000,01,117,012,0138,0000,0138,0138,
0017,2025/04/12 12:12,2025-04-12T12_12_00.000000000,03,200,034,0217,0099,0108,0480,
0016,2025/04/12 05:48,2025-04-12T05_48_00.000000000,01,201,032,0459,0102,0312,0651,
0015,2025/04/12 04:36,2025-04-12T04_36_00.000000000,03,259,024,0129,0036,0107,0229,
0014,2025/04/11 19:12,2025-04-11T19_12_00.000000000,02,200,006,0191,0215,0108,0612,
0013,2025/04/11 16:48,2025-04-11T16_48_00.000000000,00,023,008,0473,0227,0221,0822,
0012,2025/04/11 07:36,2025-04-11T07_36_00.000000000,01,027,008,0300,0130,0231,0538,
0011,2025/04/11 03:24,2025-04-11T03_24_00.000000000,02,206,006,0341,0254,0164,0790,
0010,2025/04/10 12:36,2025-04-10T12_36_00.000000000,01,053,016,0112,0006,0103,0120,
0009,2025/04/07 06:48,2025-04-07T06_48_00.000000000,00,035,008,0214,0000,0214,0214,
0008,2025/04/06 05:48,2025-04-06T05_48_00.000000000,01,115,016,0248,0000,0248,0248,
0007,2025/04/05 21:24,2025-04-05T21_24_00.000000000,01,104,006,0244,0040,0199,0312,
0006,2025/04/05 15:36,2025-04-05T15_36_00.000000000,02,117,020,0179,0131,0140,0459,
0005,2025/04/05 11:36,2025-04-05T11_36_00.000000000,02,119,020,0191,0053,0105,0271,
0004,2025/04/05 07:36,2025-04-05T07_36_00.000000000,01,074,010,0192,0016,0182,0224,
0003,2025/04/05 03:36,2025-04-05T03_36_00.000000000,01,014,010,0172,0028,0140,0213,
0002,2025/04/03 17:48,2025-04-03T17_48_00.000000000,01,254,006,0585,0076,0500,0694,
0001,2025/04/01 22:24,2025-04-01T22_24_00.000000000,01,106,010,0406,0130,0152,0496,
0028,2025/05/31 16:12,2025-05-31T16_12_00.000000000,00,081,008,0459,0000,0459,0459,
0027,2025/05/31 08:00,2025-05-31T08_00_00.000000000,01,088,010,0632,0055,0558,0726,
0026,2025/05/27 14:00,2025-05-27T14_00_00.000000000,02,067,008,0270,0017,0247,0297,
0025,2025/05/25 21:36,2025-05-25T21_36_00.000000000,03,266,022,0463,0791,0181,1736,
0024,2025/05/22 03:36,2025-05-22T03_36_00.000000000,01,353,008,0145,0000,0145,0145,
0023,2025/05/22 01:48,2025-05-22T01_48_00.000000000,02,357,008,0208,0048,0115,0247,
0022,2025/05/21 22:00,2025-05-21T22_00_00.000000000,02,009,020,0135,0033,0100,0210,
0021,2025/05/21 16:12,2025-05-21T16_12_00.000000000,02,076,310,1953,0000,1953,1953,IV
0020,2025/05/19 17:00,2025-05-19T17_00_00.000000000,01,065,012,0378,0106,0234,0508,
0019,2025/05/19 06:00,2025-05-19T06_00_00.000000000,01,339,012,0453,0052,0369,0504,
0018,2025/05/19 04:12,2025-05-19T04_12_00.000000000,04,296,070,0248,0067,0123,0322,
0017,2025/05/14 12:48,2025-05-14T12_48_00.000000000,01,110,006,0250,0117,0189,0473,
0016,2025/05/14 12:24,2025-05-14T12_24_00.000000000,01,041,036,0828,0283,0411,1498,
0015,2025/05/13 20:24,2025-05-13T20_24_00.000000000,01,277,020,0197,0156,0114,0512,
0014,2025/05/13 19:24,2025-05-13T19_24_00.000000000,01,048,018,0322,0166,0127,0578,
0013,2025/05/13 19:12,2025-05-13T19_12_00.000000000,01,008,006,0121,0041,0105,0202,
0012,2025/05/13 18:54,2025-05-13T18_54_00.000000000,01,270,010,0419,0049,0363,0488,
0011,2025/05/11 18:24,2025-05-11T18_24_00.000000000,00,346,010,0306,0040,0271,0381,
0010,2025/05/08 20:12,2025-05-08T20_12_00.000000000,01,262,006,0330,0000,0330,0330,
0009,2025/05/08 05:12,2025-05-08T05_12_00.000000000,01,214,006,0155,0053,0142,0261,
0008,2025/05/08 03:12,2025-05-08T03_12_00.000000000,01,046,010,0132,0017,0126,0164,
0007,2025/05/08 01:54,2025-05-08T01_54_00.000000000,01,029,008,0258,0012,0236,0267,
0006,2025/05/07 09:36,2025-05-07T09_36_00.000000000,01,011,012,0133,0019,0110,0170,
0005,2025/05/07 08:24,2025-05-07T08_24_00.000000000,01,014,006,0117,0028,0100,0169,
0004,2025/05/06 22:36,2025-05-06T22_36_00.000000000,03,331,016,0637,0367,0139,1249,
0003,2025/05/06 22:00,2025-05-06T22_00_00.000000000,00,332,010,0240,0037,0199,0312,
0002,2025/05/05 16:00,2025-05-05T16_00_00.000000000,01,030,010,0274,0038,0242,0355,
0001,2025/05/04 11:24,2025-05-04T11_24_00.000000000,01,108,010,0226,0008,0217,0240,
0031,2025/06/30 00:36,2025-06-30T00_36_00.000000000,01,340,006,0326,0158,0274,0638,
0030,2025/06/26 01:48,2025-06-26T01_48_00.000000000,01,291,012,0105,0013,0101,0130,
0029,2025/06/26 01:36,2025-06-26T01_36_00.000000000,01,325,016,0187,0252,0115,0637,
0028,2025/06/25 03:36,2025-06-25T03_36_00.000000000,01,263,012,1275,0531,0217,1329,
0027,2025/06/23 08:12,2025-06-23T08_12_00.000000000,01,267,008,0801,0000,0801,0801,
0026,2025/06/19 18:36,2025-06-19T18_36_00.000000000,01,117,012,0283,0060,0256,0395,
0025,2025/06/19 05:12,2025-06-19T05_12_00.000000000,00,305,008,0254,0016,0227,0262,
0024,2025/06/18 15:54,2025-06-18T15_54_00.000000000,01,319,024,0340,0079,0195,0411,
0023,2025/06/18 07:24,2025-06-18T07_24_00.000000000,01,323,016,0141,0023,0118,0180,
0022,2025/06/17 18:24,2025-06-17T18_24_00.000000000,01,075,012,0226,0004,0218,0228,
0021,2025/06/16 17:24,2025-06-16T17_24_00.000000000,01,117,012,0197,0029,0167,0248,
0020,2025/06/16 16:00,2025-06-16T16_00_00.000000000,02,347,020,0239,0000,0239,0239,
0019,2025/06/16 11:36,2025-06-16T11_36_00.000000000,01,121,020,1047,0530,0176,1644,
0018,2025/06/15 04:00,2025-06-15T04_00_00.000000000,01,252,054,0254,0015,0226,0289,
0017,2025/06/14 02:24,2025-06-14T02_24_00.000000000,01,010,006,0241,0086,0191,0405,
0016,2025/06/12 12:00,2025-06-12T12_00_00.000000000,03,227,036,0395,0118,0220,0612,
0015,2025/06/12 09:48,2025-06-12T09_48_00.000000000,01,235,012,1157,0655,0106,1644,
0014,2025/06/12 02:48,2025-06-12T02_48_00.000000000,00,071,012,0256,0011,0243,0275,
0013,2025/06/11 06:48,2025-06-11T06_48_00.000000000,01,068,010,0161,0065,0101,0254,
0012,2025/06/10 11:12,2025-06-10T11_12_00.000000000,02,056,022,0880,0265,0672,1562,
0011,2025/06/09 08:36,2025-06-09T08_36_00.000000000,00,030,018,1294,0000,1294,1294,
0010,2025/06/09 04:18,2025-06-09T04_18_00.000000000,00,092,014,0297,0048,0230,0381,
0009,2025/06/09 01:48,2025-06-09T01_48_00.000000000,01,118,014,0165,0029,0117,0206,
0008,2025/06/08 23:48,2025-06-08T23_48_00.000000000,01,097,024,0241,0059,0118,0322,
0007,2025/06/08 21:48,2025-06-08T21_48_00.000000000,01,189,008,0149,0018,0133,0181,
0006,2025/06/08 19:00,2025-06-08T19_00_00.000000000,02,187,008,0932,0606,0146,1736,
0005,2025/06/08 16:48,2025-06-08T16_48_00.000000000,01,259,008,1953,0000,1953,1953,
0004,2025/06/08 12:48,2025-06-08T12_48_00.000000000,01,188,006,0372,0047,0325,0441,
0003,2025/06/07 21:12,2025-06-07T21_12_00.000000000,01,053,008,0325,0064,0223,0376,
0002,2025/06/03 07:54,2025-06-03T07_54_00.000000000,01,027,016,0167,0017,0133,0196,
0001,2025/06/03 02:42,2025-06-03T02_42_00.000000000,03,034,010,0113,0000,0113,0114,
0002,2025/07/04 18:12,2025-07-04T18_12_00.000000000,01,175,020,0246,0044,0218,0351,
0001,2025/07/03 10:26,2025-07-03T10_26_00.000000000,01,340,018,0455,0173,0355,0890,
